arrival_rate,service_rate,servers,avg_waiting_time
0.4370861069626263,4.7782143788446225,3,6.111244721387403
0.6133995769648595,2.8437541701162066,2,0.26555298193827015
0.8266961396476563,4.53241084965572,3,1.482626206678454
0.6024641082463879,4.471863544352029,3,1.1262911229270567
0.8677085099206241,1.8250200143131357,1,13.92516398335916
0.41167388898046076,2.591032158228251,1,4.213362924284901
0.8261512653405376,4.95727313900303,2,15.025751386815033
0.6326998649391559,2.075982110151411,3,0.04880859896360468
0.24835083502330085,2.350648024634161,2,0.0
0.15073794698583443,4.3912506931477395,1,1.181011566061421
0.8482343410562511,1.8849975789697224,1,13.958849098045025
0.6342332081986438,3.5559604361502033,3,1.3852637219559292
0.71611439309185,0.8954065005919556,3,0.005715510748896907
0.6186595241501318,3.2302177087228516,2,0.9624355515525016
0.8206747943375089,4.905191460271825,2,11.36753794700981
0.728961267844814,2.3114751961864126,1,12.602751331669849
0.5014051956621601,1.3330981797737884,2,0.02314029454753723
0.484135350989378,4.444994200381023,2,2.189999621790678
0.9549650655552028,4.038552564869985,3,4.375561786395409
0.2416065937322734,1.2218004739853243,1,0.44521448938550506
0.6706051327896502,2.92993420872135,3,0.11641982051087758
0.8813105321414779,3.7171581809101144,2,9.522435924825347
0.7584305695797987,0.8673349191376531,2,0.04874242380439535
0.423325673124621,2.207113654650907,3,0.18400483556389058
0.723363357003548,4.271518803416496,2,10.522700571381597
0.19802650766205832,1.1704633518658762,1,0.0
0.4420670580434848,1.387193569577948,1,0.8591327314025408
0.592027671442663,1.5437619325218894,2,0.1497201911322487
0.7634622025065188,3.958699121548288,1,19.57520576191218
0.5383557269370424,3.2281382198793986,2,4.349501420183085
0.5494004514807564,1.6970867510242131,1,1.2755326270258054
0.6795138281870176,2.8863595996212124,2,3.4595610572244446
0.3798360370067988,3.8405662275762915,2,1.9846882020395527
0.8425444691620558,2.742150570185541,2,3.74440943548388
0.8677806610632854,0.7092526389802947,2,0.028201710252532174
0.5709966680752672,1.79212081138059,1,1.2920583047759762
0.268670749687824,4.361796739207238,2,1.3512052978243796
0.7247355161588479,2.8069463891527384,2,1.9544315093435276
0.6929425631260635,1.6353826242773295,1,3.722038107630269
0.6471146926816334,1.8921772303825195,1,2.010560665077308
0.4635080777531114,0.8492659012914838,1,1.006159293915583
0.5983403368222101,2.937671655845018,2,0.1259622988716102
0.13101513348250002,4.86323477081643,3,0.0
0.4377969171276417,1.7860259998664159,1,4.104440566828837
0.5757202987499774,4.0702730643740646,3,3.3797589497970577
0.5527755557018528,2.5220738391783892,2,1.0334101388794992
0.6709057657400839,4.997598116970338,1,15.578669978220844
0.5691664428887251,4.892062204756461,3,1.7466213463485345
0.9157788675229931,1.23746460701217,3,0.02887583562103831
0.9558357350522936,3.0970516371724437,2,3.2431152296731924
0.3275322454802805,1.721473599353901,1,2.6188937807482593
0.7251358845279569,3.780414777451174,2,4.389172527549508
0.8063756406629922,3.8006903592144674,3,0.24236499503889902
0.923093797463703,2.453094377189415,3,0.5948786649712106
0.8453051461057085,1.4722705231014488,3,0.023344686550831995
0.16812975457880874,2.2452174046261906,2,0.6942398777031978
0.38904593737235815,1.490500966571389,2,0.0
0.7519099656965857,3.855890205842567,1,16.221636310218784
0.9127843550888844,4.7010698755594165,3,8.977387043805972
0.7296756126599095,4.271697387448891,2,15.12775399474622
0.4183270179226606,1.8611556312556696,1,13.693147058552535
0.474530830876546,2.812328305594691,1,2.482873401474145
0.12271361126343779,1.63690713779579,1,0.5185956169990966
0.36231482214441446,1.4339342129256656,2,0.08685969279411786
0.9301307362030926,3.6303109355932612,3,3.542412571882005
0.4078968587772347,2.4348092890091975,1,8.221021704843125
0.12860063592159202,4.019228461686913,3,0.0
0.1687958749355029,4.531478815366968,2,1.0763367537853759
0.6059699299580726,3.7163897439977562,1,12.726379635098807
0.19685276628387297,3.95657680271397,2,0.11333408709199115
0.804968184660443,1.6966780278445346,3,0.05831280942684316
0.4035798587361048,1.9036035749151736,1,4.964184214378315
0.13612497317682987,4.504610193632881,1,0.41353343945828624
0.900618956497443,4.74767727564406,1,17.613298836230367
0.8483664998010012,4.6327889393670105,2,6.573739250934154
0.6867107790062146,4.245877325346138,3,0.7588920672622819
0.21414162029537692,2.2628410275302517,2,0.0
0.37627505398811634,1.3783872405734714,1,1.1432361199607932
0.6683129133247185,4.029824629457588,1,22.252260344358543
0.8168359503966227,3.9054114061111775,2,20.007207742073657
0.2428630870368786,4.771728978105276,1,5.010395466281011
0.2644760493886923,1.9357028344950793,1,1.9475962156590736
0.179009413352344,1.273232571609463,2,0.0
0.15140544703339895,1.119333804792626,3,0.0
0.8037018216972007,3.946363897481339,1,21.263363840856506
0.9879068027029694,3.190279940805582,2,11.517094983706764
0.25103313608142575,1.0416360929449373,2,0.0
0.7958651511328824,3.522144843225167,2,9.275293100035631
0.5900997921892079,1.2194589351489862,3,0.0
0.5734742665756627,3.9168988481759235,1,16.71025451746101
0.4877724478440437,1.9048634770387458,3,0.0648864502205294
0.7581255304126375,3.9638598028568923,2,12.01822682460208
0.5521346379748859,1.9754779730821634,2,0.21647721731636307
0.5654884849241765,4.316816742259762,2,3.5477755211586977
0.6088743457772842,0.5945412064386233,1,0.03839492678726239
0.3307717249290476,4.7029008836503365,3,0.0
0.20003579180498066,0.6368714636358559,3,0.0
0.21218268609353202,4.826365431906376,2,0.09350060562734926
0.5580631363798428,2.5377116237794706,2,2.506436475240185
0.22919028034939115,1.3343398266832445,3,0.0
0.38889734107680807,2.867423059631939,2,1.067059179764106
0.5582218716294393,1.1269376707012086,2,0.0021387575891470335
0.6685501764939257,2.8343653120161925,3,0.08438787926683144
0.9780417272409871,0.7937454090490875,3,0.0
0.3343627979091176,4.272798371414854,3,0.26822959404123203
0.2872954311367355,3.8917407945295834,3,1.0202389348891843
0.41865810611958465,3.4511934529732677,2,0.40636098518090674
0.256564798926603,0.7078841744073298,2,0.0
0.5525879680590264,4.077996271370261,2,12.206811774318044
0.6979054299451141,2.0452000530855763,3,0.14428953327761102
0.3234587316677614,4.946062829294397,3,0.0
0.46714403653105696,4.911175435174246,2,1.635249525077965
0.8403917216323846,0.5597654155636104,1,0.13013437737941827
0.19563931431315626,4.002927830516299,1,8.277531696521185
0.750415217027038,1.936513840037848,3,0.1407170426827199
0.8941682677994096,3.072554952573823,2,14.45267129305268
0.5507889453006393,4.916396412149114,3,1.7021484927746062
0.7369778868448583,2.1199658845057603,1,7.933280132001238
0.9529926238289333,0.7416368536968807,2,0.10771111366619604
0.9321927486240221,2.827093514047871,2,2.9368065175688542
0.7752446465245946,1.9278004269915738,1,14.89694784058838
0.6002837327790634,3.6478754168115737,3,0.2941605781691133
0.47373529381553847,1.7759660490934144,2,0.016184127207772292
0.2448859885186373,3.034239748042797,1,0.7052638682541564
0.2567896075642519,4.833012353801169,3,2.5338189195762104
0.8655221775759394,2.9774538527899796,1,21.403837283152566
0.8695705473727193,2.4436333901562293,3,4.011828101959252
0.7323666187941242,4.801910264717325,3,1.3403134365246623
0.5087929777887227,4.385435065347952,2,5.601162088403212
0.21439235239366636,2.1052542618900785,3,0.0
0.290840364444677,0.9729389759613725,3,0.0
0.7972056434636184,1.6916734480024347,1,8.0227310120108
0.2327085256835214,3.2524505404070636,3,0.0
0.22854169943819436,3.6314670846581825,2,0.0
0.5971042121099526,0.7272836187452696,3,0.0
0.667375856543219,1.8181634153140531,1,6.6225186246678
0.7340442727705162,2.542309537131102,3,1.243842141704056
0.43610013203089193,2.2259053059528964,1,0.04937897177124806
0.4643739006563299,2.7785774897636557,1,4.107359734274607
0.25014673445523655,0.7100816895467319,1,0.04243694286469975
0.8385774043190309,0.6696382569020178,3,0.0
0.21587248258814176,3.0065306284090787,2,0.0
0.7235210787669178,4.419354199381441,3,2.602037970123505
0.8252719348006557,4.9538146897052195,2,15.055350522984504
0.4706670548300472,3.774106949607248,1,5.966142327506067
0.11306358507484793,3.086775670369437,1,1.39161438085638
0.5819697244773672,2.946180087100814,2,6.563355994909745
0.14349196796985722,3.034651297215575,2,0.8220343626201889
0.13473240574432047,4.454965156607835,1,0.0
0.17594915310548837,1.666469001973939,3,0.0
0.8055572662880568,2.5396779763663684,2,1.6114522247741363
0.10886214251080986,1.5713834576320291,1,0.0
0.7999123386474034,3.8246062247068533,1,19.100721320514452
0.9738142403048825,2.181225467903266,2,5.304564699645653
0.980655370239421,0.5480155715277324,1,1.0006541618484863
0.6857224211290417,4.855380580234459,1,15.989652929952872
0.22016399621753763,0.7158097959664445,3,0.0
0.7201981733381416,3.0428252736651213,2,5.212139045148612
0.5068796593050753,4.3573682911406255,3,0.24457948100869387
0.8936693207386145,2.683763226995892,3,0.18180256401192887
0.4407781450636846,2.38158807336919,1,6.342371715019812
0.9884930093480271,4.467535296290926,1,15.268943242633567
0.11764947922682824,3.5211560400355806,3,0.0
0.976322921365179,1.5378738809641876,2,0.3416564072105539
0.18539580713281717,1.998534348735099,3,0.0
0.3925518790526338,1.211569563348807,2,0.0
0.30467955585117634,1.2709604500446874,3,0.0
0.5784406741161041,1.3405136322306679,2,0.23276934909887603
0.51051448805197,0.6350910157280134,2,0.0
0.8152125179597265,3.864845416674248,3,1.1137143519169974
0.25219351037858634,1.0676110383309432,2,0.0
0.37974709092474523,4.929083225607421,3,2.777361874868846
0.8493481117345469,2.3082785856046435,3,0.4227035546469956
0.8775129846647018,3.4303897044290586,3,2.279377718588227
0.6636203404867297,1.158678799650355,3,0.0
0.4270358876482879,2.590305127268348,2,0.005174011314374856
0.6737489226407468,3.403749898956033,1,4.8397362570539295
0.8652406549023317,3.678659473326384,2,7.553793589066371
0.8200489671562342,2.0574825835207777,2,0.4336719922058654
0.682400134876685,0.648734876957479,1,0.5022682964327074
0.5332444405735848,0.8533723367370777,3,0.0030027688495492685
0.1826653035062809,2.5025840767640988,3,0.0
0.8533199175834976,0.8550582327104048,3,0.0
0.7743126975422204,4.713561263619875,3,2.51878356125762
0.547321282999486,0.6442858269254371,2,0.002209879170866742
0.8446457742466223,3.5539224673229,3,0.8141691837408547
0.968528460618927,1.6717881143528224,2,4.741002324301618
0.3706201608643992,2.9783447640098246,2,0.05378994252929514
0.8809349137900192,0.5096341370546384,2,0.008487063888602186
0.26120735574125964,0.9646646424623715,3,0.0
0.5076982907469675,2.807971711293082,3,0.0
0.7749882859419777,2.794504766925246,3,3.975437634479836
0.7433296229181499,3.786098748216158,2,5.691389954888023
0.427737537194145,4.335644071679196,3,0.1765166160125279
0.7501900807201718,0.8826962958773201,2,0.08378610987154086
0.7699031585395301,3.82813920355212,3,5.8182817009862875
0.24929013219628193,1.1727888778431326,2,0.18959182457521195
0.9257661716946135,2.9593510602458792,3,3.830077034411748
0.3830658149881947,3.6508440237370543,1,7.022059905558403
0.8519819511413501,2.2961374749227814,2,0.9880719768896729
0.13459005352122724,1.7377450145622517,3,0.0
0.1173865631809064,2.759056809798877,1,0.0
0.9572061368317467,0.6119414690657246,3,0.08099747814447318
0.31766765235827155,4.09199531714606,2,0.1993894848534497
0.6707159297801226,1.0702475192870469,2,0.5279316161687573
0.6488818614869839,3.767477307662383,2,9.600043845234866
0.41509432385610734,1.5096507246157087,2,0.10153352848569241
0.35799332360252745,4.016706094663574,3,0.4355386897445853
0.8190684122803711,2.1300276377239706,2,2.0645615804850848
0.3516349334709088,3.0683468377999397,2,0.4391858386022145
0.8399252881900927,3.0283279387038435,1,11.824440033955952
0.8848267613585801,1.5126817956988972,2,0.8367036644697008
0.7367093125596113,2.657662840359503,1,4.641558640796573
0.32021756931094536,4.290123133396554,1,10.029350720847948
0.39631913088721926,0.8957885376592805,1,0.8664427255493156
0.9351721556083402,2.4293813375360944,2,5.848497243394188
0.7182604623050116,1.8017709099888333,2,2.0595455066934676
0.9471331577598829,3.149575381311033,2,4.091645869862734
0.1367983877416026,0.8511434179423489,2,0.0
0.4760705678699183,1.813204344082853,2,1.1589231396154784
0.9759521364700673,2.074988852859282,3,1.6481514181822496
0.3775551327686315,4.445863623617773,3,0.2585840799145091
0.6639625853887711,4.1959825265760955,3,1.3511689487761789
0.7103643261301612,4.55987353272204,2,8.116622446333198
0.2815341016477976,1.8939761812582208,2,0.013437652990741178
0.32261020402900964,2.3060660190733318,3,0.0
0.5394170164900876,1.6649993388672701,1,2.572564864122202
0.9417252829548997,1.845789393239794,2,0.19609744852336888
0.902681185375973,4.870284823129812,3,7.031989447373166
0.8645893835987098,2.7492001598686504,3,1.2016869091415443
0.10908136451969337,3.601207542760287,3,0.0
0.963106378087991,3.3743266533015706,3,2.7144193727598847
0.14688026916603195,2.084623176021096,2,0.0
0.9629208588329631,1.4270783193111922,3,0.3912173153797226
0.8828192382329947,4.53429426026239,3,8.488608013607532
0.13991217575824105,1.88789489972906,2,0.0
0.8119268893105761,3.161111640468589,2,12.711336947664215
0.8006912392804201,4.3493726958403105,1,8.579386416776552
0.13043915881436732,2.31948526706394,2,0.0
0.8480212888633263,1.76919059655352,3,0.24718796124130749
0.26333841237282885,1.0417233414857887,1,0.0
0.632235493001265,2.9603162659274065,1,9.677864813037175
0.7817285433338517,1.6972336509770518,3,0.03534889488769638
0.4649690396831824,3.0594609613529475,3,0.9547213441632343
0.6746108038453265,4.743365852439301,1,25.32470938808439
0.378330499425957,3.3943037759145307,2,0.3248960635265833
0.47421589543261233,4.841386397743237,3,5.734496302658776
0.2838407979101679,2.9535607324650845,2,1.4349972440847218
0.9570135568741697,2.4915686299776922,2,6.562352025572826
0.32441707981603174,4.176425213640812,2,13.210448638040178
0.7301437228658215,3.531937255833985,1,8.703138059678285
0.44991560706526235,1.0359502592421002,2,0.011658334411115065
0.7469328400248149,1.5138000133814493,3,0.021650724025316533
0.39594974219307133,4.443931736790958,2,6.69814557943093
0.9088535022494767,3.170826014512388,2,7.729382553584712
0.14338201784125312,3.5252308274077477,1,2.8373479194844626
0.144790476929718,2.858501935521298,1,4.368406095888281
0.11129337927001803,3.773460818369667,3,0.0
0.6806233367373324,2.006852965592954,1,6.7919781551769365
0.9902858732182837,2.2844265240401787,2,4.711013629006677
0.43264489707574194,2.086333074524548,1,0.7446152160743202
0.8253150823170117,2.423439820220964,3,0.683223888724805
0.4759625750604064,3.920925310381221,3,0.0
0.17697206581849723,4.409058729850117,3,0.6065075198608564
0.7064327311873126,3.1499712734133225,1,16.53931344544606
0.7800501986417548,3.780111899471354,2,2.616007056587242
0.4733631728288408,2.9059680503708822,3,0.2702197088505272
0.994078098624311,2.3017130593867923,3,1.0738681019443834
0.27277795527331405,2.6969871163965733,1,0.0
0.3378338900646901,4.256895898999919,2,0.3486338629346637
0.9897314311236987,4.515621013738139,3,6.3932383157936785
0.24605274188262133,0.5558724012624057,1,0.38660016685277454
0.702695045469589,1.1201134445657055,2,0.1271056046726794
0.23633390172696236,2.30265210793915,1,2.662435458468166
0.3931838685351078,4.8169809870524025,3,3.780879850486807
0.12380905493238176,0.7612850250099108,3,0.0
0.7215536801357443,2.876152472617222,2,9.558671770841158
0.21657394891031712,4.293375809218534,3,0.0
0.4852835889624494,4.291647707451504,2,1.2017471459259135
0.4625791652350937,3.4284802540172463,1,9.173265282849899
0.10027875872350535,4.470264927704224,1,3.792267335791685
0.6171102132940427,0.7178868761476174,2,0.02765772381830717
0.35664065986751625,4.707891003411803,1,13.097462197165267
0.8222934730551217,3.0448934461582593,3,3.0962072937632774
0.2005550446204562,1.767724138999449,2,0.0
0.5903859558571617,2.6940441347551616,3,0.01197034180423512
0.24712114429564944,1.6507954704809724,2,0.0
0.4076519128849023,4.552663552827175,1,6.980060206953057
0.2125097380808593,1.148091611232648,1,0.0
0.5443925422353955,2.257882946619526,3,0.0
0.5308315137013151,0.9680463397766333,2,0.04572231708964635
0.9946557850447993,2.9181038214779917,1,9.39655028439219
0.47225516441445525,2.179872399577147,1,3.1195145133178497
0.20161930497298833,3.5699027266993753,2,0.6120738513635451
0.2778228499154293,0.5291963770123691,2,0.0
0.4400364554604145,4.42424044120772,2,0.7525250110786682
0.773447836957531,4.773623814136457,1,10.664660570160581
0.5883933539229109,2.1759066327875316,3,0.007033894174410297
0.4542363057462384,2.277269211547684,1,1.7754901096893294
0.7700395509543396,0.9753928199160885,2,0.10713946922701156
0.7881009692779273,4.259425825705468,3,1.4618035118407626
0.5797709400921687,3.1016330319295413,1,5.868541003896928
0.9808731231539387,1.086001771811624,3,0.0
0.11435111780797977,4.338682979524295,3,0.0
0.7868677941665264,3.0819618751071376,1,25.676069210724826
0.5312524126558976,1.3388758484458312,3,0.0
0.13152848764655517,3.487219076401308,2,0.0
0.3623326053211886,4.859790831942762,2,1.7938049589148148
0.5224549406781962,4.698252658958649,3,1.8054953512203362
0.7574788189048259,4.229127240098008,2,12.853539068206379
0.7006852054062904,4.873613585565581,3,1.513114430315341
0.7287517011328482,2.7118031918217955,1,8.009030425492567
0.8162493930553973,0.5051567778271533,1,0.13769104773747634
0.44903488834983807,2.9995925265890273,2,3.863994764815142
0.9651681767196484,1.9654181892785212,2,3.1264943992543612
0.47048571712146825,0.9852065323337615,2,0.0
0.88479313659742,1.627979156201602,1,10.58078469540233
0.6834484219843358,4.446711160734873,1,11.542531929797802
0.2680248677152709,4.273599498671412,3,0.0504426060101002
0.3709412791281014,2.676097810166266,3,0.051799440705659124
0.9490846296252549,1.6969214272097384,2,4.250148686826578
0.9314509927810277,2.268674536976939,2,2.4708419520493745
0.722827625637802,4.1969293741654345,1,20.12134097574317
0.17638907033452955,1.9993241997321207,2,0.0
0.7904661529592265,4.902860274453217,2,13.943714611593586
0.48874008102712896,2.346375261019618,1,3.4264004734816247
0.7587478495699852,0.8466451166919249,1,2.2505172738407486
0.8710284008148119,2.9838838787230086,1,8.223721648721586
0.7183214542640848,3.4068737972589394,1,12.030755751302783
0.41130106802382094,3.2811461788151175,2,1.6111094324195903
0.745923079487199,1.1442034024883236,3,0.016401390264443094
0.8737334993842695,1.4662342739430145,1,11.382290613349486
0.2676762263568465,3.7362397180050024,3,0.0
0.18444457591836794,4.7674696236627305,2,0.0
0.7676801740779331,3.7130121883558016,2,9.438920331527974
0.582183819566653,2.0117999332773158,3,0.018856622430212865
0.42780509303159,1.2587306283028143,1,0.7781484402144576
0.5886226093099153,0.8996336573136885,2,0.010257527673409393
0.8939280828032748,3.036506202919844,1,9.963791963385974
0.19519461416943135,2.46177117695805,2,0.0
0.2969816430965922,3.9243810403924395,2,1.025425199167434
0.9897009443592085,3.9265223936333578,3,3.469960440108731
0.3447411050886776,3.6726219299863763,2,0.037596992812403585
0.8459763158507966,4.657309808867131,1,21.603825696771327
0.5702640641344461,3.2009879330499045,2,3.8971096170952224
0.9868466262411151,2.935855923153448,1,13.846218035105393
0.90028134861481,1.9037249697057694,1,5.839042212697632
0.8424404538767152,2.954052428006952,3,1.8341518301263484
0.5147315181778186,2.654239548160319,3,0.27157170928996
0.16721148953503867,1.1851705855034451,3,0.0
0.2721929524214111,1.1998113980391003,1,0.0018138792792457407
0.5939130811328961,1.7117803391391921,2,0.08727793264496828
0.9384198877167189,2.7299255578439054,3,1.635684444145576
0.3850057044614946,1.87353070092426,1,4.635681873490856
0.6654600951267893,4.917593455213941,3,1.3174492317044415
0.6839187621209998,1.9183041298215002,2,1.0129991035044856
0.14384725436417312,1.8090667407601688,3,0.0
0.8582743461588492,4.796391555256807,2,10.549100208347314
0.923277002142655,1.2833032264851658,3,0.0027889712337731006
0.20489201894367776,3.693054723791274,1,1.5773994838852328
0.7408316248779558,1.4742620405623823,2,0.9172600654430878
0.6723074054535499,2.7291613578547063,1,9.62378943070368
0.804613729226104,2.1506454263996098,3,1.0496717864579876
0.31840421529862406,2.865865613428673,3,0.013080956522051521
0.7649282036450228,3.87420612962476,1,14.175924854217246
0.9831201406141516,1.7678866025378328,2,0.6697210600612121
0.8032910632521533,2.5589625309916233,1,13.794158520279275
0.8370535368802048,1.0620677508222531,3,0.012087859549220906
0.9676254617491957,3.602033891042957,3,0.5927613326999687
0.6642773905620759,4.547953346386574,2,10.960112140489052
0.98434899226427,1.9029382324345834,1,2.9550618369129973
0.38995795480618134,1.9625621991012538,2,0.29357464889382207
0.945843978379823,1.625602807171599,1,17.137766216151004
0.33319720606177117,3.4588716561369792,1,0.03280845305564539
0.36462676433959396,2.172222946853853,3,0.11541276225802509
0.1335004165804557,4.52236404871961,1,0.739877189161196
0.7362713619213901,3.1031191535617584,1,10.650961564261262
0.24689796935506436,0.6002709263198178,3,0.0
0.6783703961372691,0.8314269557240387,1,1.1086233171927455
0.31666702430405785,1.0356196007438212,1,0.25932011712743686
0.37460092571056836,2.2946968913339467,1,0.6002778611295941
0.22781983970903835,3.8828901105108464,3,0.0
0.4555105030123273,0.9286792953145516,1,0.20440883265854382
0.3544879916953715,1.8814174227196705,3,0.0
0.4495465401820665,4.300570164508553,2,0.10787716507558424
0.7834703021981931,3.770371095275645,1,15.711680604702968
0.12235096673201289,0.7969140640229593,3,0.0
0.14058277472024025,3.080524938019342,1,0.5410584146442646
0.7643316560206508,3.619444000918138,3,3.0094253791018963
0.2603156570769306,0.9202548990671943,3,0.0
0.6483145200147301,2.9930765859842845,2,2.4650914490410383
0.596521941497592,1.7625115272777783,2,0.260742837886211
0.35750881704140847,2.7194667961801713,3,0.042503873384854826
0.3152800370523976,1.8985522064708484,3,0.0
0.11988437239429738,2.0961669115589405,1,0.8581807123535383
0.31534971659479544,4.236333400711614,2,0.0
0.47463543356442994,3.5650802809593642,2,13.032804937306144
0.9661422945043351,1.1696094820780538,2,0.17203039763740732
0.5387285301880974,3.050388118007611,1,14.655202727910712
0.5682300261520844,2.8795757531168693,1,13.822869035152587
0.17246471739267988,3.3955904485691772,3,0.0
0.8103366972921565,2.411776391491717,1,11.804677930934652
0.2050897238383016,2.1655517921489453,2,0.0
0.4063480389176354,3.8379176460093376,1,20.07912544988589
0.8362245909275002,0.5621696441238315,2,0.012045484489231971
0.11221261291361434,1.6471695470940906,1,0.22138960192924317
0.4892350493794979,3.3262453901769136,1,8.131718641085074
0.43925492004975064,2.2753516754131793,2,1.2857121171862442
0.21777495969219451,4.089296816080403,1,4.400903637903013
0.6798455793727092,3.0537238976647827,1,13.899124680917875
0.7182648594881601,4.883557488557477,3,2.5658396441254654
0.649705842824084,3.2510135612882887,3,1.364346348585986
0.2977761379456606,2.783535785315855,1,0.0
0.9986726016906334,3.1474624750810087,1,21.840737476680058
0.8865614104726104,1.1989848529318463,1,5.687884299647624
0.4720270563495502,3.652394520163988,1,10.010670042670096
0.9232208390300297,2.9352822356214743,1,9.334117797283076
0.31702331593900357,4.490108119925541,1,17.035258006548535
0.4849295632648468,3.7561019523851717,1,9.740125032284181
0.14083952750229023,0.9794151212376736,2,0.0
0.4944471242921149,1.572855133077133,3,0.0
0.6168400206408083,0.9036719466888552,3,0.03191107714805812
0.8161285682306791,2.6562569528666002,2,2.2921454987984573
0.17306353485252363,3.36985549810573,3,0.054605980912052994
0.6781216157075713,3.173317944582621,3,0.31268002970181213
0.6138299366203357,4.2973342619088815,2,6.005013012614255
0.8583762809933811,1.3246379857748904,1,1.1422295072619524
0.5744391306225705,0.9834101957168432,1,2.7837971733668354
0.9135601842494563,1.2418278590854732,1,3.042620686752076
0.8626150253287798,1.8589110212927136,1,8.136307986532579
0.8296853213328745,4.210591416482501,1,17.93029141174728
0.8199735038950882,2.380911834093125,3,0.08787875392209103
0.30173860398132873,1.863459187989596,1,0.24306894292518127
0.7261705805749743,1.9605208751375391,3,0.07030936376792993
0.839787694917149,2.391976306757916,3,1.2784679707218574
0.3936785336410267,0.8224344409261373,1,0.1507658998761219
0.6486003477277841,3.2378399189603106,3,0.5494037644668412
0.7089503033467752,4.180322541215084,3,1.2608045590914123
0.6623580678380087,3.186163110783444,3,0.19988593021522705
0.30631524649482894,0.6417858887986967,3,0.0
0.23418810502245543,4.917419943297201,3,0.0
0.3582320623810211,0.6237199923240653,3,0.0
0.5352962412454931,0.6506422906020177,3,0.0
0.5798230498408397,3.874678786366436,1,13.980335528632363
0.12197809237953822,3.108942540052291,2,0.20109568402443553
0.6783857497725113,4.722943169357343,1,19.879538595478056
0.22183076845270217,4.234971406380961,2,0.0
0.46066076091493136,4.383142810557055,2,1.7369132005626928
0.723265758328166,1.480174336783434,2,0.11015636663084674
0.6367003376163576,2.658385080386931,2,0.8859766518110357
0.5340844939476896,1.35108201571568,1,1.856747415050354
0.21773928363866363,4.2909234892005,2,3.4834432007305183
0.8659382037273119,3.883154343474498,1,22.085954255555585
0.8828048472799691,1.3063564829818222,1,4.102240538191119
0.7308160157165087,1.127590945695657,2,0.15519474418915177
0.5390226899819335,1.5640680922806005,3,0.08475674112962012
0.6242097992404548,4.003154460769471,1,12.000933869648687
0.9376528848829108,2.829708862184378,3,2.9031987710029137
0.5535627739162106,2.1966001275494826,2,0.8536970414515425
0.6699361700066447,4.674542716337618,3,4.7516782517923035
0.6717332247822343,3.308731051585439,1,5.971501821143524
0.7347622532498149,1.6595164092406889,1,5.434558685886194
0.7614233939436101,4.933353603548248,2,3.0784914464584205
0.9497330203820316,4.529262470360473,2,6.7400894783064675
0.3866744840409768,1.0122379583335925,1,0.43108324994284075
0.5726430629001255,1.5874826466856162,1,2.7167621505779307
0.6353151142471812,2.3345260616665215,3,0.9638281399297028
0.18393597811803608,1.2493573831889893,2,0.0
0.5170141342357151,3.7960264890902127,3,0.4842269306339181
0.6034732841066832,0.9337598262249506,3,0.0
0.5272801063420695,3.85649525011708,2,0.2549013430422727
0.45494838976747665,4.615466355955202,3,0.9147672980327958
0.6710458518690007,1.2031624294594054,2,0.15753146239225588
0.14063199603828774,1.5789533908623465,3,0.0
0.3017625978364255,0.994029467879976,3,0.0
0.8885299149656588,2.871676962129195,1,24.905831262689293
0.7103640289517273,1.916766389825717,2,0.25318691355838374
0.6218371594271402,4.323572548699635,2,1.7829390650553583
0.6094487404774478,4.3154798779290475,2,7.198575563440083
0.7908007748351616,3.8027322560823267,1,15.902263619831615
0.9126806762165977,1.4366025383846424,1,1.499748460897099
0.772265607368325,0.7795305538698657,1,1.29343625008068
0.7025359247272649,1.137116083608744,3,0.0
0.6233105008800601,3.383392986842565,2,0.1579840357657649
0.6672740298041763,3.4870862024715192,3,1.365923437627717
0.3174313967684985,3.7618612059621652,2,0.0
0.519376443712528,2.9426781293517905,2,1.4516989327263659
0.6368390553233355,4.053031325694349,1,17.9395832080284
0.26216768739838003,4.5354283081532065,1,2.7200375531009833
0.9297943930298024,4.62082559098544,3,7.7693338298183825
0.2501544624774619,1.6237238613575118,2,0.0012079603762979371
0.8410364801422845,4.910703751764263,3,10.81258752696831
0.35978363740894237,1.4604176028578497,1,0.28038998483080607
0.34712146668970245,2.9873457717648364,3,0.0
0.9791507535853461,4.979040424739703,3,6.93573453812206
0.6259986232567389,0.8106445242827212,2,0.0005193775569328228
0.8595559216304626,2.998843651713379,2,6.205745174834232
0.6042292520651505,1.3460596959830227,1,4.697471949752535
0.8027626103368637,2.843946705911481,3,1.000692575119851
0.11037703305982492,2.3657425665628695,2,0.0
0.33759422608645845,1.0758265772082158,2,0.0
0.5531848725947071,2.6975708749292813,3,0.006202602614110311
0.27591220386603343,4.699565110579293,1,1.0431773316233226
0.7690209464760903,2.6705529385865385,3,0.1585101147590292
0.5370094034517371,1.3417032365146768,3,0.0006980508113591541
0.7505307256356217,4.864006437402911,2,10.810877388115852
0.7467398335861553,0.6085056179652168,2,0.0
0.8366278310819573,4.97021144148146,3,11.117723302222737
0.751348621462589,1.6235411717644663,3,0.04027448444369677
0.1208317108198075,3.7045961801266474,1,6.243389969054743
0.8331526482646454,0.8588042379278721,2,0.19941418767932192
0.9873474095998731,1.5574685924301706,2,0.663314661872568
0.35074254350359224,3.0964396972026904,3,0.0
0.3993240614440253,1.551156162144638,1,2.4749432611334914
0.8302093274044223,1.5533375955912156,3,0.0
0.36463265956999913,4.464385753250596,3,0.29856972078534516
0.4834710926778595,4.873666085019853,3,0.6737306541190413
0.4625196543511346,2.4689358608594185,3,0.06480783837447479
0.8384311734957186,3.252240782577471,3,7.233995552882616
0.5735063440427918,2.1533776024253433,1,9.160318272745378
0.7001602836115596,1.0490977788402864,1,2.05963345022095
0.4845402233427054,1.6253602840208672,1,2.2232467958054807
0.9315799132293464,0.9572546826554593,1,1.1954388509302845
0.9400929314796576,0.7442139817244928,2,0.10741772947238128
0.14860200779484073,2.7286536823496776,1,1.994126044187797
0.15057995919670808,4.359012784916825,1,1.8367452496961127
0.7846556923500222,3.4752483917049943,3,0.9207599807020899
0.28359343667010484,4.823055475279045,1,1.1370605951289734
0.39148279111343054,3.505018545635933,3,0.250323260189285
0.7908634169997916,3.616047441293419,3,0.6380301033584098
0.10880909983558476,3.2646242466883013,2,0.10753287882544729
0.7577154563771306,3.2996116963369997,3,3.1986430048012413
0.7102453744353906,3.444969720560364,3,2.93709445846942
0.3224778602859081,3.7408412044362684,3,0.0
0.8923279685721154,4.793223919675632,1,11.415283146396634
0.5530627773993985,4.764847975078877,1,8.124432887473281
0.7327435561028898,2.060106696631633,2,2.638955631088055
0.6807749847069258,3.1487573611205697,2,6.741956978964832
0.6545028122474714,4.34115615625022,3,0.637641654835839
0.8912367939517802,3.788397068338554,2,4.172889056346899
0.5188819723676895,4.041661289878744,2,2.8620381542877475
0.725949171140788,1.327389853676977,3,0.006877061924771099
0.1747037777307353,2.804755478754208,3,0.0
0.11751140547865796,1.0388495111503642,2,0.0
0.8525972239797882,2.6025392873786637,2,6.003850722673026
0.8687678462149827,4.04378259802248,2,13.190606733002085
0.32127770152220436,3.8400007270405982,3,0.0
0.5780391601870679,3.5550502665078274,3,0.7258414618012281
0.660892310380849,4.108459783797503,2,3.616455376962217
0.4024793766137691,4.518968216251998,1,5.827684937329549
0.7216118759642471,3.2875614529596846,3,1.7910371902046252
0.15134540984017564,4.013007724875131,3,0.0
0.7811122084707658,0.8226488724039599,3,0.0
0.682944319549872,2.037351752929264,2,1.3530830135712606
0.3018583328436634,4.171894995243443,3,0.0019288673006104514
0.6374027585500227,3.433926696521528,3,1.8446048904605863
0.2468506804862027,3.0145362211189597,1,6.211214095375961
0.4317506295205984,4.633851121240277,3,0.3618427911505545
0.3501882245810636,1.3117590582326817,3,0.0
0.9393589231420721,4.2530378382118155,2,11.12272274897785
0.12015223238831382,1.0596755470306451,3,0.0
0.8176880322337872,3.632627732918402,3,7.0909081659247
0.809901848455355,2.470182334725288,1,12.046130085651649
0.6000399322471753,3.7615758028642965,1,19.848391658471616
0.6327281263395427,3.764750609230364,2,4.894528285458166
0.7266719805861436,3.7234667944655766,1,16.762355193118417
0.44803149540114284,1.195196111553138,1,2.0200453953969553
0.30592810327778686,3.311582005814645,1,14.618619703974531
0.9626332283383573,2.3778806726969113,2,2.383441263418044
0.9598305526580564,2.7400096038697384,2,0.29907411042633875
0.44364454249047824,1.1894034939999778,3,0.0
0.2768916377962688,3.266318227441202,3,0.6174984812952636
0.44881895417865014,1.6358196606265567,2,0.015027401957432412
0.8974488755169875,1.3971231121005332,3,0.5599458399701912
0.18746719805802636,3.944551664524072,2,2.0228239172728455
0.6492430254773893,0.6185066868814605,3,0.0
0.6631739439150786,4.5985639082222365,1,9.923531026818775
0.28250874842934715,4.701923077045288,2,0.2095678329078561
0.21392376146651298,3.4973993253144315,2,0.14711648138942976
0.5921250167877709,3.9789567284087193,2,6.008961357354064
0.8940447348497028,4.914203705995702,2,14.84230282744918
0.33921663522419654,3.4544645460998344,3,0.0
0.9893058193563325,3.644264738848133,3,7.510905108588787
0.10013119084652775,3.221763598425424,3,0.0
0.8999148188764687,1.395185549562647,2,1.2987909110000722
0.1630805064450036,2.947782729379347,2,0.0
0.5772324473447649,3.001994261753319,1,6.635256454285587
0.41424526895683944,3.7018454832866694,1,10.38531327126803
0.15847654823107785,3.5769234864090045,1,1.5296676316734974
0.8599502608307212,2.0818713449452266,1,9.315391248240115
0.16696185195564167,3.9299973222643967,2,0.0
0.6219907510635198,4.5057306038341505,1,19.83702700605754
0.592183798751444,2.898647982225845,2,0.11105899554200181
0.6860043543548818,0.7558333592238768,2,0.049681695049582086
0.6980982975607659,1.6033389314698792,2,0.08165915944867125
0.986996222077933,2.289254246885452,3,0.5704020555941053
0.9858221589968201,0.8420044503469383,3,0.0037903208445570764
0.847026101985631,4.784086581825628,1,22.824709515116925
0.597423208445866,3.722382409582442,2,3.5175413809177267
0.5980260300359703,3.763689907354416,3,3.9261386720938325
0.14586253909161045,4.503064330155501,1,4.845895208996671
0.18030429911256662,3.947036287118347,1,0.0
0.5936355826168019,2.905192840691331,3,0.3276426497045962
0.2926781811256368,3.420810891323573,2,0.0
0.109057062142156,2.786363484006107,1,0.0
0.38185706524770013,2.9300294531289572,3,0.038511385237157754
0.6462441951134774,0.6544208052576406,2,0.0014347802918835602
0.17907545610907216,2.406550689577834,2,0.21637397210133572
0.8674036835874757,4.44951152615104,1,19.58423352764834
0.5721814814422391,3.6282076123463627,3,1.4908848936183592
0.188719280869807,1.786273718479054,3,0.027403870863829765
0.5251027248061595,4.584348633003826,3,0.5016882337655146
0.6791953253179792,2.875436103788007,3,0.0887425330917065
0.24079166424633713,2.5022642102840953,2,0.3493969884400785
0.4012819441902373,2.1000836580574616,2,0.004986247296758208
0.915766686123707,2.4706787155425993,1,19.948663468534814
0.6318836038933293,2.4780612241109194,3,0.2820074370514552
0.10302625644480334,1.516941896449449,2,0.0
0.5865750950617731,4.446773071636986,3,7.521669367328414
0.4574539865834113,1.5822673924159256,3,0.04450035006333934
0.9252789874300005,2.4050248774844123,2,0.5955267891078219
0.382525413048453,3.5029512264951195,2,0.6568565762921937
0.1260189879777609,3.7763663578816713,3,0.0
0.6102609521857284,4.483681583243685,2,6.63129041988899
0.4149587563440167,4.156514437262737,1,7.471284635678195
0.7781486838275813,1.9819219625253792,1,15.119469462639783
0.9227768824083707,2.3066509217403146,3,1.150449415870055
0.5554173119829451,2.2351662354958597,1,1.5228558785878563
0.5554784735006773,2.720108262012514,3,0.8037467514264904
0.6382502630043579,0.7781088973469975,2,0.0
0.5629403108300778,1.4619548519141634,2,0.009452694778208582
0.7193130432256784,3.6632130209557006,3,3.272967102570583
0.5379222017325442,2.6331642881873574,3,0.32822477641342657
0.8132473293009683,1.4990203158997972,3,0.14814245547430896
0.3012402046483589,1.6127900656135141,3,0.0
0.17936276562646875,1.7468382902751962,2,0.37346437629525425
0.211533903691495,0.8854994586845115,1,0.0
0.6504781004523751,3.5442167604051216,2,11.076893591051281
0.49053024021911495,3.8014749346055927,3,2.26179615447958
0.7055246087857321,4.0634436030339405,2,10.583376942193903
0.32234573723675586,3.24704546165402,3,0.44298297580383866
0.6879973413191853,3.361525029586992,2,6.5509750052730675
0.8773775650630761,3.34420605116381,1,16.964290323512078
0.9634264959411516,1.7252352963317408,1,11.141148714105935
0.1146150927543983,0.5666546004502597,2,0.0
0.8111807416347039,1.0587569255275668,1,1.7165658474637102
0.42789281747202734,2.509541958734692,2,1.1001677685535431
0.23974012910008102,3.3055245288754564,2,0.0
0.9927699464019748,3.4337104759335135,3,0.17774765267345488
0.9786490443744644,0.8445362659920606,2,0.15533704758064446
0.339434760956203,2.4133876558457636,3,0.0
0.216537576010356,1.4888890348735384,1,0.49412508449051434
0.642222614752647,4.718710713626309,3,9.899258764528197
0.6038232905862899,2.837230254583425,1,3.4154026513683196
0.6213977260032832,1.3227081783831351,3,0.01470340962403058
0.3487859064881048,3.8901336028908524,3,0.0
0.6916075760608753,3.3785737954985042,3,5.204948409686045
0.22455517208037679,2.956571194252807,2,0.3020110075237922
0.7361611812509641,2.172911294976987,3,0.1617204222473476
0.40200746275101995,2.4230018914884734,2,0.866582105150212
0.4888424385535426,3.040083132775658,1,10.136594525301117
0.8677440979823079,3.416971090454123,2,6.478096236042295
0.23111092784624876,1.939304180232528,2,0.0
0.6080162169623504,4.429816993401415,2,5.982447813408347
0.5299418378603178,1.3151075432377646,1,0.5536122576635164
0.8409643589920347,2.8133196974272328,3,1.6227541097282778
0.25166602525428505,2.2168805798218307,3,0.0
0.5329223161099704,2.6738173172601134,1,5.26988087931943
0.24503427485952686,4.01824767391476,3,0.0
0.6346911655767677,4.289924607624158,1,23.324553670923855
0.18133526984503878,2.5902995231143615,1,13.991520337327211
0.22674513491856374,3.443275543646407,2,0.0
0.420515566509832,1.90046017311658,3,0.0
0.937818717922124,4.8222787497809385,1,12.40694439330011
0.6199813149133628,1.7136895134107186,2,0.22455137131495806
0.5444593427317652,3.458563618503546,1,21.000691554916507
0.7345983455694204,2.439405325468556,2,0.7843500686628275
0.31240773489554347,0.8050900542623889,2,0.002856351342492284
0.7195087922871517,0.7494640907541015,1,0.4115697442677855
0.4183389399871221,2.1916551085365192,1,1.3233446746515005
0.31623218958020916,1.92230505483854,1,1.1451866707838174
0.9105994873687484,3.7903535002319053,1,7.530121229001023
0.28061428861097715,1.6327247716613063,3,0.0
0.5990337637890221,1.9117838694410019,2,0.13733399759260914
0.6021136798105255,2.1366631871693427,1,1.9929374476645059
0.6330239338504158,4.805826895477869,3,0.3794840863602907
0.7904656013514354,4.603450620113299,3,5.763964824313005
0.3653412544193084,3.212663523626197,1,2.878495593755144
0.10172081049126108,4.94532111868237,1,0.0
0.38333159037034714,2.41198267054843,1,0.44622790039125465
0.9970117652383987,1.9629760496979605,1,9.689136067649867
0.2982687326355175,4.6899446985766815,2,0.8819975052711501
0.7502867979991951,1.151728091124487,1,5.064203213652758
0.10576127967156729,3.737366959055894,2,0.0
0.285587107646906,3.63704246353454,3,0.0
0.5901734982174485,4.823716527242604,2,5.3104604971442155
0.28703144818180704,2.339453121795542,1,0.5691541795377824
0.2531765945289521,3.748368438617946,1,0.37317385154387206
0.2414920113551556,4.283245786979348,2,3.6267974923731416
0.19382757915215293,3.50505686704559,2,0.05402989095667656
0.5175006284091559,2.2385998474588886,1,6.356510618611102
0.3364725327445476,4.4566879229835825,1,1.1537383840422402
0.8759627127546988,2.937636228146249,3,1.1548104406884592
0.9858956920069747,1.416567942578185,3,0.029575894437661735
0.7027202737555184,1.873763208640262,3,0.17113492812459322
0.7339217658580737,1.8221872980716278,2,0.35688377684493994
0.7580422361783634,3.774515695712354,2,6.731754284135019
0.939636826552208,1.8871750350621126,2,0.319779524276016
0.465343596138426,1.5370509512494122,1,7.001609438354805
0.5879663295612413,1.6727511686364496,1,7.449203364367807
0.939411993131927,2.8919922874346518,3,3.696539876662756
0.8434501754396213,3.725516029966298,3,3.368222119874138
0.37750587663673696,1.3136900467604364,3,0.0
0.7060088504325518,2.774154572691648,2,8.681660912817769
0.6297311125398457,4.705957278704646,3,0.7954753445508823
0.526623251254901,4.800640734501927,3,2.5245129047785144
0.9376540743198181,3.6054190492327165,1,16.421510551698333
0.9756658002642076,2.6823235354402812,2,2.992489094825362
0.3581556949297242,4.643440338348218,2,8.815373658741008
0.9256670329590857,3.126739946765359,3,2.015333621898075
0.4240931021294655,4.71836484503363,3,0.9817791373532504
0.16570210576369218,3.5652362830188578,3,0.3470228791230252
0.25691766397731775,2.9961785069938545,1,7.7149838785790195
0.26758053921361813,3.8895980529355927,2,1.5768894007827479
0.1315574502903567,4.390696158792248,2,0.0
0.15602537100014874,1.1030868308559145,3,0.0
0.5460121101434943,4.75023092606231,3,1.8055106187035934
0.49059342510156356,1.4842789835035968,2,0.08202002917876589
0.5408353790802224,1.7133861258725902,3,0.041997353411908335
0.41348833960989606,4.635959275199493,1,13.47402649879686
0.25888905012845354,3.9138286413527132,2,2.3324123369760237
0.1256543190285177,4.971154987519333,3,0.0
0.5414836034461706,1.7022074025881422,1,1.3303333113631437
0.187725888136136,3.043876494126796,2,0.07984225342227387
0.44443938508864034,4.735993947823281,2,0.549258130738243
0.9391200503941031,3.188099436488489,3,5.230256422698761
0.33496278376033384,3.373685081107663,2,0.47361416860232997
0.8718886391157955,4.512947636004466,2,6.673468187479921
0.9493109096886904,4.906944012110442,1,8.46154197302397
0.8028435356183476,1.1537026156720753,3,0.0
0.1772803477837377,4.29054652248119,2,0.0
0.4746176893199837,2.265301447759979,3,0.0
0.18876522134822132,4.843919415735379,1,9.963937718741771
0.19384659919660774,4.2325487569235465,2,2.4770902413505937
0.28296420781749543,1.7321409266254308,2,0.0
0.7204482528893581,3.959667104687389,2,3.8712676928777534
0.5121508012969194,4.1849489801152036,3,0.8498525120255527
0.33487528578872905,1.1526522120841853,3,0.0
0.23927143842463064,4.392203631666268,1,0.1598403793521164
0.12563849472137187,0.9124276088543536,1,0.0989431724065839
0.46368777265029837,1.168268580598642,3,0.0
0.7361549540588453,4.795817809619946,1,9.80061796350426
0.7827251606839963,1.096781165307177,2,0.2774939609473116
0.44801935141974014,2.101807235445177,1,1.9768953177889357
0.5099892138968614,1.6850962777193559,1,3.8697143302119823
0.9709359532343145,1.8166978136553036,2,1.3896543010739602
0.10627834175655412,3.954276697539356,2,0.0
0.7860153510649098,3.5988752082024806,1,8.987921834807246
0.9531371348509041,0.559564382221073,2,0.012394183227708341
0.3845701181484267,1.5405729601963354,2,0.1638663437319195
0.540983638190566,1.1427093281856513,2,0.05556045693015255
0.8798195325614326,4.003546214032491,3,12.436772307545553
0.5134490299936381,3.2257085093730216,1,8.095129070306184
0.11040767982343179,2.1422249023333144,2,0.0
0.852723211440447,4.380631397603755,3,1.8658868005427784
0.5643505254036572,3.0405891510370853,2,0.9732022676677688
0.6626612482077161,4.371000642765381,1,10.915328202134184
0.7958101206133432,4.741663486193115,2,7.547291322543882
0.4540306695699413,1.1123595696486053,3,0.007311320452084824
0.6407067776076656,2.061252832256179,2,1.084841248522072
0.9485497288938115,2.1798079694461103,1,13.967081018018979
0.8223729389315763,3.3486350914804586,1,13.562288269877497
0.6264716277937031,1.4229979733856688,1,10.885402861521937
0.3463414825228534,2.222810829200422,1,1.5715628955202785
0.4727909730356247,3.912025223982157,2,0.2475206449622199
0.41600455466532527,4.356291911453079,1,15.126675943787484
0.44710738924065974,2.0653365017399876,1,2.191908746959927
0.8614928260728836,1.8950826638469793,3,1.9964472445296975
0.6994372172337463,1.0986387073384367,3,0.0
0.28057702817480823,2.432781150959726,3,0.0
0.6298752155461824,1.6695020648355947,1,7.066724015718958
0.3170019414712005,2.588831267303255,1,1.016715168470777
0.1288228565264921,1.6792138131482526,3,0.0
0.17649868382611927,1.87530847632119,2,0.0
0.38387827989170475,1.06484261912657,2,0.0037012669239638286
0.6797568986803427,2.1069207659175246,1,7.1277034670384944
0.5651426980216177,2.1932517945850005,1,4.491413153696305
0.18831225678578917,4.194339308902048,2,0.0
0.47150610698289197,1.3906311410776722,3,0.0
0.8290769785089209,1.8367936144799675,2,0.7392431393986598
0.5480864610832056,0.5863777815383195,1,0.11867362454404827
0.7464096442727836,3.549875733505947,2,2.00711084459703
0.28430041745589674,3.879154246083531,2,0.11050044849075125
0.31297408497673573,3.0534546399496407,2,0.489948451122188
0.4615642034203933,3.7388895241543563,2,0.8045433677220504
0.3487747249330083,1.3639073124593413,2,0.0
0.7290482149252062,0.694434023149137,2,0.0
0.34952976414196246,2.526167753343869,2,0.08488751668804106
0.8852876038264617,3.5105435093510895,1,17.008501271640817
0.4678697066567514,1.5696026826122036,2,0.372583914757651
0.40546372616400783,1.9833477249428528,1,1.8499514858726125
0.8978550727539398,4.702751254523114,3,6.262847882929433
0.8149655945967347,2.659749147292169,1,8.00133508683269
0.29404828786303405,4.9374582945239265,2,2.39206549123671
0.32313084812623627,0.5408505529035164,2,0.0
0.680619183236236,0.9064715350265484,3,0.0027204924376469817
0.22432547940909697,3.719871224126122,3,0.0
0.18422372719678332,3.1605402303763217,1,1.434626597923768
0.6787786247467062,1.8535887884865812,3,0.050256169522981266
0.5955260461545866,3.07464967544294,1,11.624574507081173
0.7958088927108241,2.3508092916085994,2,4.947786693293525
0.9475269825449101,3.1702523277675487,1,14.100996755018906
0.7277676675293387,1.5058272052957686,3,0.0008619605366342059
0.5053431908311068,1.4549538564577058,3,0.0
0.3609413314474309,3.6498654958089265,1,0.770465990736005
0.5824338842545184,2.3187616325949607,2,0.4318487356128592
0.4900499702424528,3.4164515166273928,2,1.5300062383622812
0.32582032077623524,4.167899405566434,1,6.2471610462001435
0.6003744929090324,1.117952791425803,2,0.06693513455974896
0.7688020657360073,1.8757819878599953,2,0.6843158616922933
0.14636034292054184,3.0638371003977447,1,0.960338753883148
0.735229202618677,2.197227223790703,1,9.472861329039786
0.7883833773625121,0.9713556902254172,3,0.005739554187608611
0.6048137860627807,1.2560103538852114,3,0.0
0.44535384114175136,4.910926734065082,3,0.7189756878413988
0.8896671603894024,2.158585539105263,1,8.846157551916368
0.9931426771735671,4.1172256922240305,1,21.4757279772034
0.14785489697457269,0.8835727782528856,3,0.0
0.9262603526628509,4.244883211390986,2,2.5892244207410893
0.2918654159254641,2.9456119079203322,1,4.688943263324068
0.49265550205134667,3.0400921406782064,3,0.15158355090460182
0.7241903124966665,3.5069576326249994,3,1.0293647280554237
0.37795659921242464,0.5823909334386576,2,0.0
0.9967217155433132,1.2184791958988395,3,0.018934408566795943
0.39513575578336,4.328086425461421,3,0.5775632942843135
0.8033482977267813,1.7817909332571775,1,8.995865538275709
0.5568521399517158,1.4111592952529657,3,0.0
0.5080102732841029,1.8685251827414535,1,0.39069061726837095
0.22113831865915212,2.179642240793504,2,0.14539739131401888
0.17670727988861332,2.487278769097859,1,0.0
0.18388317173583194,4.175813318067844,2,0.0
0.6582115970976029,4.572192236264407,1,10.349512972219076
0.4833065459542346,4.431435594346741,1,13.398376349061545
0.726226865762379,0.6363201073397204,1,0.6999422716929663
0.6262974807998746,2.272648589126023,1,7.503445415176016
0.5800539872358553,2.4997355952797466,3,0.0
0.3771419148900521,1.2390007333094089,3,0.0
0.9270568540637057,3.6447487392191515,3,5.574552749950565
0.8092430527650265,3.7109553407122937,2,13.32163684952529
0.2837541207510782,1.0948590445726634,3,0.0
0.143939049718765,3.361827559957753,1,0.0
0.8607606832461852,4.918112699101323,1,7.91404489373094
0.6554143395630377,3.712006261262781,3,1.480733351490345
0.19151788749099724,0.7492042655750046,3,0.0
0.6799007465699891,3.7809894578578147,2,7.46940923587437
0.7451858989605797,3.429501011766916,1,8.140306420539895
0.8415408620963508,2.1275341900861076,2,0.5843935263758371
0.2273884368379877,1.7353422107558347,3,0.0
0.2171743140757914,2.412892822576811,2,0.30643277273511677
0.44733301148598204,2.6575211927164366,1,1.0913270049143158
0.6073531371357465,2.5398169940296493,2,0.27231601033609215
0.4426275514192983,2.8338998853557786,2,0.6505695061113641
0.8407903374661962,1.2691852230497658,2,0.0682889940090866
0.870600166022304,2.8178083297920384,3,0.05274707947318346
0.34096201367380596,4.558721574120035,2,0.13010185383556916
0.3635822762882326,0.6455410309295809,1,0.058325115862286996
0.14076576848286854,1.0197548860112682,3,0.0
0.9011153021257359,1.0781439436794655,1,11.042162328819028
0.9954888226884498,4.204109243590853,1,10.399156323724648
0.7143269988541019,0.985100634030772,2,0.055095152459559614
0.1682243852683057,3.082965318637746,2,0.2978496800287699
0.38527100661241676,4.846728628089687,2,0.6452686295085305
0.356453048310698,3.8559956976211804,3,0.024939468650936145
0.5879723788709544,4.542917013625952,3,3.92058260810564
0.16257836826543834,0.86513585470039,2,0.004367855736162405
0.7601744907112972,3.455328320835561,1,9.810195412030955
0.8804336981181916,2.330257292595058,3,0.43418467285734313
0.2416082235048466,4.862111260315611,3,0.0
0.852622303152237,2.119109023235639,2,4.690076952386615
0.11776847310810859,4.704020367977119,2,0.0
0.5360943533334097,1.425819540582632,1,3.4904806492104856
0.24669487707512003,4.52326889717652,3,1.6750182482662659
0.7496653961572658,2.3377945249726015,2,0.8793828483435514
0.6062948005990572,1.5940229921154412,3,0.0
0.3053116227406029,4.807875377192756,1,9.28720573696441
0.7935042096692548,3.193632720428082,2,3.615387093193643
0.7045351746109467,4.301652627310104,3,10.048486891978472
0.8805173401179257,1.6291847371003358,2,2.684115714226039
0.18758064447220413,1.1326782906869026,3,0.0
0.19385207457311693,0.9115870104947876,1,0.14959086044990824
0.34785140477576826,1.3176607439192156,2,0.02135634551178578
0.781231740996175,3.6415366061553174,2,9.797804026437491
0.8846849073424394,1.5013712027461636,3,0.16025400971872095
0.41716588639990426,1.476042317734849,1,0.712513105140898
0.3646290556279279,0.9928028535676736,1,0.5538518403983765
0.4758195346148534,1.4693416330366862,1,1.104765642460891
0.9747157232522453,4.799294876254631,3,5.007174786218554
0.24649928621260825,3.5524694977604603,1,2.1728298707106335
0.8659762687707643,3.1393834576114976,3,9.12662965986453
0.4495450529551379,1.8988861228511786,1,3.532313935547623
0.4658183437760993,3.546137033984853,2,2.7737891948795035
0.697178007115876,2.1325757941560335,1,6.180145553037096
0.7713688388716792,3.4048340205829826,1,20.53489765216484
0.7729798130761755,2.9658092533604394,3,0.8197653689568484
0.20633663727164525,2.125704744035046,1,0.4215884785441766
0.1587916167859317,0.7549373240531638,3,0.0
0.30911702053526885,2.388044862315058,3,0.0
0.550249851794541,2.9443683848434765,2,2.407712691321232
0.9187312198476274,1.058029752746518,3,0.06206886396833101
0.693518641972659,2.1613674141341996,1,12.836686832466865
0.7490811308747956,2.742494370796484,1,11.594995554857206
0.7973059734682195,2.3991892939810127,2,2.434782707903346
0.9432268310384238,3.6909049019685654,1,13.388986002041051
0.9211990248457632,0.7355029817851053,1,0.6751453237113074
0.9073052541215568,1.099812991328568,2,0.08884778064574035
0.5291939343079662,3.6443910331485863,2,14.352501276762945
0.8370865345831634,0.5601688791819222,2,0.0
0.7902941195378069,0.9950600650545036,2,0.01782447564312296
0.47791746213584885,2.928610341130084,1,9.384031381813966
0.2445244317276479,1.3828852241612066,3,0.0
0.4611877394036521,2.771561953469364,2,1.8607401440971316
0.9969604688216541,2.583280255132053,3,1.1765425156162412
0.7149013467399344,2.9561743577605326,3,0.07263793767117498
0.9890389653690367,4.410808327763268,3,13.775941273000212
0.273091999932836,3.5174922638150177,3,0.0
0.8839987354637157,4.8250161471998325,2,16.508414568618793
0.3104015128399843,2.031188867433949,1,5.344173109390473
0.3008212568924219,2.716105261443684,3,0.0
0.24537185879585485,3.877593692789455,2,1.7551508629257069
0.15819733020023602,3.28160755277725,3,0.0
0.1491546359340576,1.9112910325116028,2,0.0
0.1726321875860685,1.057916844176274,3,0.0
0.6268152601038132,4.09373942800115,2,2.982665019788022
0.526040289412058,1.8027231492344433,2,0.04819476074991229
0.4196381086270974,2.905725608118525,2,0.21496569573774688
0.5993754607325583,3.5711161103973263,2,1.435276087128395
0.7652082786986429,4.0597701583564945,2,6.099871871721214
0.4977816866568676,3.1909317757753617,3,0.0
0.9928302861400738,4.627241017907078,2,11.334160245273335
0.800136406356866,1.4866643683117828,3,0.24861387780826444
0.625107420579845,1.4502669620085635,2,0.10554461836949332
0.5674568060747796,1.7103741958642749,1,10.118854712502293
0.7331554545800891,4.396586628561694,1,19.741458135180594
0.20946740764067204,3.3458107533053747,3,0.0
0.967882869013362,2.159539233945889,1,14.349145618706373
0.5692155577965154,0.8627567390016935,1,0.15146682626128477
0.1847450999617572,4.823360018616544,3,0.0
0.43358439579439256,3.6590237175884495,1,4.294662905782117
0.290330740797065,1.1034333106364698,1,0.2733776999637182
0.7146042014500077,1.2751589430620707,1,9.610155956540112
0.38289334743080294,3.9741990618810705,2,1.6737416265933258
0.7646509122759922,3.807152807521439,3,5.379173580517936
0.8953020480807883,4.299848032643235,3,2.4740000624265495
0.5881973577765789,0.9138338718877087,1,1.0829352139754245
0.10036481967130212,1.7088503600861946,3,0.0
0.25771601764858065,3.6839545487234977,3,0.0
0.9249355454896592,1.8028120813295314,3,0.14725832518144458
0.3820601201795737,4.596079798112224,3,0.012507774524682838
0.19525133298090386,1.4608199451297028,1,0.0
0.18406258480427856,4.881181938217045,2,0.0
0.8098742500511822,3.050484822366477,3,4.947668179039298
0.5797564502346437,2.2597306780688724,3,0.044197717929360676
0.3246885843304519,2.900912915459974,2,0.5074662851768884
0.6006307816511525,3.795436937332694,1,10.213867247894504
0.5571269850243687,2.3495259339216563,1,7.778833857919729
0.9024471791241812,0.7617853137142065,2,0.05965562978891665
0.13958003008806086,2.782431203495511,2,0.0
0.7484339961563183,1.4706917665149062,1,2.6666734947523274
0.988521796668552,4.211201135698995,1,18.84247746406145
0.511984869152226,0.6543113089132995,3,0.0
0.540018861014106,3.793632885470835,1,14.838038292363832
0.3298906857833209,0.6235780052941362,2,0.0
0.9227393097916937,1.864739646013795,2,1.8014615176583675
0.8939088744496332,4.222951084954143,2,9.046024424954691
0.9857375801582774,2.2020018296127732,1,12.356932931431277
0.2573406734458268,1.9221088755972147,2,0.0
0.15557028235706427,2.268847282208454,3,0.0
0.7594548808795262,0.6398743440751111,3,0.0
0.5837381991702946,2.0949646663518093,1,6.533657487222064
0.9890877075222769,3.004468017394505,3,0.39808615308171413
0.711617218268314,3.999230454408217,3,1.6866695666774019
0.6531249462955147,4.883582153555448,3,1.3996845752410068
0.7600668254317461,4.1360327076946675,1,13.778375361995591
0.11734625572678968,1.57257765643084,1,0.6697746931154226
0.6912137997088262,4.307196444131467,2,2.4127181453283844
0.8093335725499953,3.451041829353553,1,12.181172728867121
0.7846865323846253,3.4780659359198163,3,2.6118889434633346
0.7902827814810129,2.126386159328822,3,0.0356276425575941
0.7523125621280333,2.498599778834333,2,4.142141681133419
0.5665277434997943,0.5437595420437704,1,0.1613602023843826
0.6516598319781772,1.0190690354771752,2,0.07784355146672031
0.9070553736966824,4.610970230477558,3,7.777104387043947
0.7888913132533414,0.8418802811168409,1,1.2902210790729185
0.20558440812313894,1.0998067142385397,2,0.06101161601547632
0.29537958950260335,2.8812140279744427,1,6.485110726913578
0.10903010403549673,1.6875165280944353,3,0.0
0.7309061284629408,3.0199208698113336,2,2.6156355216438283
0.3514719545520332,2.0844184082954276,1,1.5232994886019247
0.7946925230228365,2.7327636476468573,2,6.21837983092974
0.7530899281537325,2.6053102551652247,1,10.09445639650673
